num_participant,num_path,num_step,cue,best_word,temporary_best_word,q-value,current_word,neighbours,similarity,adequacy,originality,likeability,likeability_to_cue,goal_value
0,1,0,direction,direction,direction,0.0,direction_0,adjoindre,0.7728520631790161,1.0,0.1527802403640095,0.6956625546845527,0.0,1.0148471073971397
0,1,0,direction,direction,direction,0.0,direction_0,ministère,0.7618645429611206,0.8657346712728212,0.21590626947600727,0.635678095821492,0.0,1.0148471073971397
0,1,1,direction,adjoindre,adjoindre,0.42020386182185326,adjoindre_1,sous-directeur,0.6047093868255615,0.9808485861405842,0.2759881580409139,0.7372007686470289,0.6155275463149698,1.0148471073971397
0,1,1,direction,adjoindre,adjoindre,0.42020386182185326,adjoindre_1,directeur,0.7378885746002197,0.8749436728068223,0.248341782565016,0.6560445563816679,0.6155275463149698,1.0148471073971397
0,1,2,direction,sous-directeur,sous-directeur,0.8507922771343255,sous-directeur_2,adjoint,0.4734407067298889,0.9743215888880254,0.42561323938247836,0.7776651121348409,0.6845629279303819,0.9553005724837024
0,1,2,direction,sous-directeur,sous-directeur,0.8507922771343255,sous-directeur_2,adjoint,0.4734407067298889,0.8203215888880255,0.43961323938247837,0.6899594388218881,0.6845629279303819,0.9553005724837024
0,1,3,direction,adjoint,adjoint,1.30638341204711,adjoint_3,secrétaire,0.34372931718826294,0.7927934769341898,0.4649959486347994,0.6776214877609585,0.6759153021532567,0.8992479528549934
0,1,3,direction,adjoint,adjoint,1.30638341204711,adjoint_3,secrétaire,0.34372931718826294,0.8607934769341897,0.5419959486347994,0.7501559076697146,0.6759153021532567,0.8992479528549934
0,1,4,direction,secrétaire,secrétaire,0.7691104007507904,secrétaire_4,directeur,0.37645286321640015,0.7903823136924405,0.35965319634295273,0.6420172189161306,0.6356537308936822,0.846484241720364
0,1,4,direction,secrétaire,secrétaire,0.7691104007507904,secrétaire_4,directeur-adjoint,0.2698483467102051,0.944355534771386,0.45019035347346575,0.7719218941781595,0.6356537308936822,0.846484241720364
0,1,5,direction,directeur-adjoint,directeur-adjoint,1.2504698138652393,directeur-adjoint_5,délégué,0.18027900159358978,0.9178090616590251,0.6072082358382973,0.8121601470597059,0.682467229516892,0.7968164611395487
0,1,5,direction,directeur-adjoint,directeur-adjoint,1.2504698138652393,directeur-adjoint_5,délégation,0.1627756953239441,0.7432584982717027,0.6057310765976883,0.6967116967941973,0.682467229516892,0.7968164611395487
0,1,6,direction,sous-directeur,délégué,1.7543057353452784,délégué,,,,,,0.6733009205419462,0.7500629562253548
1,1,0,direction,direction,direction,0.0,direction_0,charger,0.7876304984092712,1.0,0.17413421643109392,0.5870697525335935,0.0,1.0829030646369442
1,1,0,direction,direction,direction,0.0,direction_0,ministère,0.7618645429611206,0.9137346712728212,0.2489062694760073,0.5773745853742238,0.0,1.0829030646369442
1,1,1,direction,charger,charger,0.37604167197416233,charger_1,mission,0.616286039352417,1.0,0.3196012985077747,0.6582751910788592,0.5098930208299918,1.0829030646369442
1,1,1,direction,charger,charger,0.37604167197416233,charger_1,directeur,0.6722458600997925,0.9063569457474044,0.14309605362242545,0.5403676023441915,0.5098930208299918,1.0829030646369442
1,1,2,direction,mission,mission,0.769884703584641,mission_2,coordination,0.4537332057952881,0.96525447323794,0.3903147598753379,0.6818100552744023,0.5889977509193653,1.0165279525542863
1,1,2,direction,mission,mission,0.769884703584641,mission_2,directeur,0.4807175099849701,0.8230631475890604,0.25661221911937204,0.546434914783463,0.5889977509193653,1.0165279525542863
1,1,3,direction,coordination,coordination,1.18620522926467,coordination_3,directeur,0.3398521840572357,0.8930563830992202,0.37806528787688504,0.6382959561303767,0.5959921187514556,0.9542212152392835
1,1,3,direction,coordination,coordination,1.18620522926467,coordination_3,coordonner,0.4053146541118622,0.9865128047001983,0.49507837911889363,0.74526992538786,0.5959921187514556,0.9542212152392835
1,1,4,direction,coordonner,coordonner,1.6339674068018142,coordonner_4,organisation,0.24084940552711487,0.7871997773027894,0.616918560277244,0.7054517990350894,0.7129444744936899,0.8957334870376906
1,1,4,direction,coordonner,coordonner,1.6339674068018142,coordonner_4,délégation,0.2458297461271286,0.7748789285457399,0.47142557004721025,0.6278323296118848,0.7129444744936899,0.8957334870376906
1,1,5,direction,organisation,organisation,1.0863969848011639,organisation_5,action,0.24214108288288116,0.9046396831521278,0.5757502514783254,0.7443400921397185,0.6505496320966304,0.8408306868334549
1,1,5,direction,organisation,organisation,1.0863969848011639,organisation_5,élaboration,0.24883653223514557,0.8708706527949825,0.6237281961380818,0.7522101699667709,0.6505496320966304,0.8408306868334549
1,1,6,direction,élaboration,élaboration,1.564241855584493,élaboration_6,gestion,0.2542513906955719,0.8526155272947086,0.6008990775971076,0.7314262714272063,0.6801751039381526,0.7892930812031487
1,1,6,direction,élaboration,élaboration,1.564241855584493,élaboration_6,gestion,0.2542513906955719,0.8326155272947086,0.5428990775971076,0.6922148507023975,0.6801751039381526,0.7892930812031487
1,1,7,direction,gestion,gestion,1.0497751531405073,gestion_7,pilotage,0.3031943142414093,0.9011721051639757,0.4248383433155115,0.6661862923581133,0.6061480524095042,0.7409144049931136
1,1,7,direction,gestion,gestion,1.0497751531405073,gestion_7,planification,0.29684504866600037,0.8706229875134069,0.3941398746104935,0.6365720317721922,0.6061480524095042,0.7409144049931136
1,1,8,direction,pilotage,pilotage,0.5310931249817572,pilotage_8,action,0.24732239544391632,0.8673733028730143,0.5430850996494806,0.7123970374087693,0.639273135907325,0.6955010357996656
1,1,8,direction,pilotage,pilotage,0.5310931249817572,pilotage_8,coordination,0.3637275993824005,0.7963360384260751,0.3613917128394693,0.5816959222846086,0.639273135907325,0.6955010357996656
1,1,9,direction,action,action,1.035317125384033,action,,,,,,0.7425129089458108,0.6528712190484456
2,1,0,direction,direction,direction,0.0,direction_0,directeur,0.6472053527832031,0.8555483600908038,0.27195881383814324,0.5896589562003219,0.0,0.976193436915058
2,1,0,direction,direction,direction,0.0,direction_0,charger,0.5752626061439514,0.8450378470302784,0.22090069481710967,0.5643761425881064,0.0,0.976193436915058
2,1,1,direction,directeur,directeur,0.40336637982131596,directeur_1,adjoindre,0.7369285225868225,0.9246528668839055,0.14995702236384525,0.5627322509057101,0.6303372573429749,0.976193436915058
2,1,1,direction,directeur,directeur,0.40336637982131596,directeur_1,charger,0.6653895974159241,0.9759677844162608,0.21043844119648983,0.6284252928371656,0.6303372573429749,0.976193436915058
2,1,2,direction,charger,charger,0.8164243438018428,charger_2,adjoindre,0.7553447484970093,0.9105129361802355,0.15311817102304617,0.5639212411882234,0.5705373424302644,0.913399253745156
2,1,2,direction,charger,charger,0.8164243438018428,charger_2,responsable,0.6546237468719482,0.8508985614842921,0.3362576854701578,0.6269421422468855,0.5705373424302644,0.913399253745156
2,1,3,direction,responsable,responsable,0.24481006592727517,responsable_3,adjoindre,0.7510547637939453,0.8480938009151705,0.08588335615508866,0.5027006073212439,0.5845377312653552,0.8546443411653494
2,1,3,direction,responsable,responsable,0.24481006592727517,responsable_3,coordinateur,0.629551887512207,0.9605644194561308,0.29216121935837497,0.6723391811211878,0.5845377312653552,0.8546443411653494
2,1,4,direction,coordinateur,coordinateur,0.6992337759162348,coordinateur_4,adjoindre,0.7508566379547119,0.8680290685353588,0.23901094727376831,0.5796824208842839,0.621214883668357,0.7996688708591226
2,1,4,direction,coordinateur,coordinateur,0.6992337759162348,coordinateur_4,coordonnateur,0.6644766330718994,0.8507870806468256,0.32001665615828667,0.6143265735266068,0.621214883668357,0.7996688708591226
2,1,5,direction,coordonnateur,coordonnateur,0.15289820158310585,coordonnateur_5,adjoindre,0.7375417947769165,0.9628384491731837,0.17856403555225264,0.6155188145510792,0.6288574176040206,0.7482297281102395
2,1,5,direction,coordonnateur,coordonnateur,0.15289820158310585,coordonnateur_5,coordination,0.6474819779396057,0.8745976426835942,0.30778346297433007,0.6252379521843343,0.6288574176040206,0.7482297281102395
2,1,6,direction,coordination,coordination,0.6221502576016296,coordination_6,adjoindre,0.7061988711357117,0.9681404771169425,0.11256167642973366,0.5558364021989081,0.6852151601549822,0.7000994366911539
2,1,6,direction,coordination,coordination,0.6221502576016296,coordination_6,coordonner,0.7048353552818298,0.973796796429033,0.29042832383610245,0.6706476070278072,0.6852151601549822,0.7000994366911539
2,1,7,direction,coordonner,coordonner,1.1147873001857929,coordonner,,,,,,0.6872147394703464,0.655065152908569
3,1,0,direction,direction,direction,0.0,direction_0,directeur,0.6472053527832031,0.8325483600908038,0.3349588138381432,0.7294204506840058,0.0,1.0565542698477677
3,1,0,direction,direction,direction,0.0,direction_0,charger,0.5752626061439514,0.8830378470302783,0.2509006948171097,0.7593989819571618,0.0,1.0565542698477677
3,1,1,direction,charger,charger,0.42571117802734854,charger_1,directeur,0.7209460139274597,1.0,0.2751727495011497,0.8475084836375508,0.748390726535887,1.0565542698477677
3,1,1,direction,charger,charger,0.42571117802734854,charger_1,adjoindre,0.6562017798423767,0.8661935779109776,0.31225796431006886,0.7529274435580472,0.748390726535887,1.0565542698477677
3,1,2,direction,directeur,directeur,0.8734497314747943,directeur_2,adjoindre,0.755344808101654,1.0,0.23211813257035868,0.8400761596500519,0.8113477028200888,0.9631942658341635
3,1,2,direction,directeur,directeur,0.8734497314747943,directeur_2,responsable,0.6546237468719482,0.8458985614842921,0.1752576854701578,0.7061763467174498,0.8113477028200888,0.9631942658341635
3,1,3,direction,adjoindre,adjoindre,0.34267020492876643,adjoindre_3,adjoint,0.6830589771270752,0.8866671947104896,0.31724563063351774,0.7758681106365333,0.7279901489433537,0.8780838052639605
3,1,3,direction,adjoindre,adjoindre,0.34267020492876643,adjoindre_3,responsable,0.6574751138687134,0.9254336705942677,0.22245133467419442,0.7760756833555654,0.7279901489433537,0.8780838052639605
3,1,4,direction,responsable,responsable,-0.18283182554833233,responsable_4,adjoint,0.6796101331710815,0.9099140376725746,0.250431016612509,0.777532805043441,0.7809726829744352,0.8004939360795447
3,1,4,direction,responsable,responsable,-0.18283182554833233,responsable_4,secrétaire,0.6487091183662415,0.9128172476856894,0.24900563897032602,0.7819339492827881,0.7809726829744352,0.8004939360795447
3,1,5,direction,directeur,secrétaire,0.31252817775247854,secrétaire,,,,,,0.7103331052660717,0.7297601184063455
4,1,0,direction,direction,direction,0.0,direction_0,directeur,0.6472053527832031,0.9755483600908038,0.1589588138381432,0.5570507647511949,0.0,0.9670232154127251
4,1,0,direction,direction,direction,0.0,direction_0,charger,0.5752626061439514,0.9940378470302783,0.27590069481710966,0.6329448677257359,0.0,0.9670232154127251
4,1,0,direction,direction,direction,0.0,direction_0,adjoindre,0.5457056164741516,0.8046851366720255,0.2071232201306806,0.5156016809173076,0.0,0.9670232154127251
4,1,0,direction,direction,direction,0.0,direction_0,sous-directeur,0.538597822189331,0.9529287854853293,0.23979016663064295,0.5849990783286728,0.0,0.9670232154127251
4,1,1,direction,charger,charger,0.4164804130782527,charger_1,directeur,0.7209460139274597,0.977037744669762,0.1641727495011497,0.546409861267367,0.6332140504692211,0.9670232154127251
4,1,1,direction,charger,charger,0.4164804130782527,charger_1,adjoindre,0.6562017798423767,0.8351935779109777,0.21525796431006886,0.5287321616532228,0.6332140504692211,0.9670232154127251
4,1,1,direction,charger,charger,0.4164804130782527,charger_1,mission,0.6436432003974915,0.9669209318330422,0.19721726040626292,0.5700233947380537,0.6332140504692211,0.9670232154127251
4,1,1,direction,charger,charger,0.4164804130782527,charger_1,ministère,0.6061750650405884,0.8440538187165514,0.34405165378482433,0.6041685537668151,0.6332140504692211,0.9670232154127251
4,1,2,direction,ministère,ministère,-0.17423325233322484,ministère_2,directeur,0.6629154682159424,0.8624803620840265,0.1600054150408971,0.5110347655293275,0.6242983042490595,0.8520825689868696
4,1,2,direction,ministère,ministère,-0.17423325233322484,ministère_2,mission,0.638580322265625,0.8770516721363923,0.19842872560475183,0.5391115122493542,0.6242983042490595,0.8520825689868696
4,1,2,direction,ministère,ministère,-0.17423325233322484,ministère_2,déléguer,0.6328957080841064,0.904106099063942,0.19603716091021733,0.5515333970946222,0.6242983042490595,0.8520825689868696
4,1,2,direction,ministère,ministère,-0.17423325233322484,ministère_2,délégation,0.6299963593482971,0.994635814443783,0.3388788130887884,0.6830222197691368,0.6242983042490595,0.8520825689868696
4,1,3,direction,délégation,délégation,0.2835016603623419,délégation_3,déléguer,0.6933149695396423,0.8820006706010335,0.17874290923649075,0.5214982594128428,0.589217139117655,0.7508037995358653
4,1,3,direction,délégation,délégation,0.2835016603623419,délégation_3,directeur,0.6810224652290344,0.8962205855918969,0.1265361445877203,0.49389260941283464,0.589217139117655,0.7508037995358653
4,1,3,direction,délégation,délégation,0.2835016603623419,délégation_3,mission,0.663785457611084,0.955650932528915,0.22245440732381694,0.5782376710442345,0.589217139117655,0.7508037995358653
4,1,3,direction,délégation,délégation,0.2835016603623419,délégation_3,général,0.6255257725715637,0.9109260265352768,0.2847203462098996,0.6117098017724,0.589217139117655,0.7508037995358653
4,1,4,direction,général,général,-0.25127183907852446,général_4,directeur,0.7072320580482483,0.9254027339886532,0.16290483887823207,0.5221791524220479,0.6466632560374665,0.6615630525897759
4,1,4,direction,général,général,-0.25127183907852446,général_4,déléguer,0.6974327564239502,0.8909783175958998,0.30012987859382967,0.6044678442957524,0.6466632560374665,0.6615630525897759
4,1,4,direction,général,général,-0.25127183907852446,général_4,mission,0.6581839323043823,1.0,0.16600233325421104,0.5812700798116368,0.6466632560374665,0.6615630525897759
4,1,4,direction,général,général,-0.25127183907852446,général_4,national,0.6521844267845154,0.9144479704851692,0.16180323360658583,0.5224688471718811,0.6466632560374665,0.6615630525897759
4,1,5,direction,général,déléguer,-0.7655456411520303,déléguer,,,,,,0.5884925837801818,0.5829294854693868
5,1,0,direction,direction,direction,0.0,direction_0,directeur,0.6472053527832031,0.9165483600908038,0.18895881383814322,0.7110374100282157,0.0,0.995732073296518
5,1,0,direction,direction,direction,0.0,direction_0,charger,0.5752626061439514,0.9660378470302784,0.22690069481710967,0.7620741983286271,0.0,0.995732073296518
5,1,0,direction,direction,direction,0.0,direction_0,adjoindre,0.5457056164741516,0.8986851366720254,0.3631232201306806,0.7465512023181498,0.0,0.995732073296518
5,1,0,direction,direction,direction,0.0,direction_0,sous-directeur,0.538597822189331,0.8309287854853293,0.24479016663064296,0.6680240765244291,0.0,0.995732073296518
5,1,0,direction,direction,direction,0.0,direction_0,ministère,0.5237305164337158,0.8233890878932525,0.2896160039890109,0.678238471832164,0.0,0.995732073296518
5,1,0,direction,direction,direction,0.0,direction_0,directeur-adjoint,0.5143191814422607,0.8504354413322627,0.3868843442707528,0.7229127870824739,0.0,0.995732073296518
5,1,0,direction,direction,direction,0.0,direction_0,secrétariat,0.5127605199813843,0.9062785453660257,0.3309263178268281,0.7489640996128201,0.0,0.995732073296518
5,1,0,direction,direction,direction,0.0,direction_0,mission,0.5112301707267761,0.9891247166476301,0.418950455786834,0.8269244486917162,0.0,0.995732073296518
5,1,0,direction,direction,direction,0.0,direction_0,délégation,0.5096827745437622,0.939969366837656,0.30598711230397696,0.7613234768706657,0.0,0.995732073296518
5,1,1,direction,mission,mission,0.45779809384879955,mission_1,charger,0.6939692497253418,0.8541544200904785,0.28132781759600384,0.6889797820134674,0.7720998775899591,0.995732073296518
5,1,1,direction,mission,mission,0.45779809384879955,mission_1,coordination,0.6323589086532593,0.9590184267816414,0.23737806686888896,0.7580300078534825,0.7720998775899591,0.995732073296518
5,1,1,direction,mission,mission,0.45779809384879955,mission_1,directeur,0.6197152137756348,0.8300303930685554,0.19641730059920298,0.6574114056719634,0.7720998775899591,0.995732073296518
5,1,1,direction,mission,mission,0.45779809384879955,mission_1,coordonner,0.6190963387489319,0.8659367399628977,0.3038113282836525,0.7084955311753992,0.7720998775899591,0.995732073296518
5,1,1,direction,mission,mission,0.45779809384879955,mission_1,délégation,0.6062239408493042,0.9410606907532357,0.22202043105064823,0.7359344917600198,0.7720998775899591,0.995732073296518
5,1,1,direction,mission,mission,0.45779809384879955,mission_1,ministère,0.5662353038787842,0.8729722287002345,0.21374265778831775,0.6820060360476351,0.7720998775899591,0.995732073296518
5,1,1,direction,mission,mission,0.45779809384879955,mission_1,service,0.5654381513595581,0.8498800744416,0.19425967770161898,0.6695919507817283,0.7720998775899591,0.995732073296518
5,1,1,direction,mission,mission,0.45779809384879955,mission_1,responsable,0.5586966872215271,0.9261123420347642,0.2916399475179099,0.7424303100681211,0.7720998775899591,0.995732073296518
5,1,1,direction,mission,mission,0.45779809384879955,mission_1,général,0.5489036440849304,0.8140307119832111,0.3610294536877358,0.6904054557192217,0.7720998775899591,0.995732073296518
5,1,2,direction,coordination,coordination,-0.10162742251195933,coordination_2,coordonner,0.7449711561203003,0.9791382334718338,0.15079672067660824,0.7526303385700183,0.7230824369957431,0.9205158014632643
5,1,2,direction,coordination,coordination,-0.10162742251195933,coordination_2,charger,0.689321756362915,0.9800751453686847,0.23527559225795333,0.7688957150163265,0.7230824369957431,0.9205158014632643
5,1,2,direction,coordination,coordination,-0.10162742251195933,coordination_2,organisation,0.6341800689697266,0.9223169872920324,0.1582216176746731,0.6974501657270266,0.7230824369957431,0.9205158014632643
5,1,2,direction,coordination,coordination,-0.10162742251195933,coordination_2,délégation,0.6316261291503906,0.9208991893030433,0.2988434821305967,0.7430439092134188,0.7230824369957431,0.9205158014632643
5,1,2,direction,coordination,coordination,-0.10162742251195933,coordination_2,pilotage,0.6281911730766296,0.9863469924038466,0.33402592109688906,0.7997064043543707,0.7230824369957431,0.9205158014632643
5,1,2,direction,coordination,coordination,-0.10162742251195933,coordination_2,coordonnateur,0.6015146970748901,0.9594068289230038,0.3030308215652031,0.7815478246841018,0.7230824369957431,0.9205158014632643
5,1,2,direction,coordination,coordination,-0.10162742251195933,coordination_2,directeur,0.5979095697402954,0.8489172636862394,0.17433831692356225,0.6645991760554704,0.7230824369957431,0.9205158014632643
5,1,2,direction,coordination,coordination,-0.10162742251195933,coordination_2,comité,0.5942441821098328,0.9304289065407624,0.22168713173717608,0.7367448018140182,0.7230824369957431,0.9205158014632643
5,1,2,direction,coordination,coordination,-0.10162742251195933,coordination_2,coordinateur,0.5920054912567139,0.901135142056447,0.3411231322859089,0.74112700267445,0.7230824369957431,0.9205158014632643
5,1,3,direction,pilotage,pilotage,0.36817022821081724,pilotage_3,coordonner,0.7535148859024048,0.9159035090081621,0.16529822618527001,0.697248012387767,0.7097510884892652,0.8509812664146498
5,1,3,direction,pilotage,pilotage,0.36817022821081724,pilotage_3,charger,0.6651412844657898,0.8459185375974676,0.26459570679814104,0.6849285724627254,0.7097510884892652,0.8509812664146498
5,1,3,direction,pilotage,pilotage,0.36817022821081724,pilotage_3,suivi,0.6564686894416809,0.8462437533287818,0.18408887882717567,0.6646418720211199,0.7097510884892652,0.8509812664146498
5,1,3,direction,pilotage,pilotage,0.36817022821081724,pilotage_3,organisation,0.6520007848739624,0.9964143133691541,0.2629195986599181,0.7930123908188675,0.7097510884892652,0.8509812664146498
5,1,3,direction,pilotage,pilotage,0.36817022821081724,pilotage_3,comité,0.6337968707084656,0.9172539011629292,0.30746492371959583,0.7407962248425716,0.7097510884892652,0.8509812664146498
5,1,3,direction,pilotage,pilotage,0.36817022821081724,pilotage_3,opérationnel,0.6333001255989075,0.8851723322386096,0.3377803462257757,0.7316138065229517,0.7097510884892652,0.8509812664146498
5,1,3,direction,pilotage,pilotage,0.36817022821081724,pilotage_3,coordonnateur,0.6213041543960571,0.9202723602189269,0.2364058932597131,0.726215098298227,0.7097510884892652,0.8509812664146498
5,1,3,direction,pilotage,pilotage,0.36817022821081724,pilotage_3,gestion,0.6207647323608398,0.8521899701386748,0.1837492120925665,0.6634246986935852,0.7097510884892652,0.8509812664146498
5,1,3,direction,pilotage,pilotage,0.36817022821081724,pilotage_3,élaboration,0.6196582913398743,0.9970217653515642,0.3114535399265224,0.8068074609806857,0.7097510884892652,0.8509812664146498
5,1,4,direction,élaboration,élaboration,0.8571267768523262,élaboration,,,,,,0.7802850026923571,0.7866992773372626
6,1,0,direction,direction,direction,0.0,direction_0,directeur,0.6472053527832031,0.9055483600908038,0.27095881383814324,0.5329778504694278,0.0,1.0127970938375759
6,1,0,direction,direction,direction,0.0,direction_0,charger,0.5752626061439514,1.0,0.23490069481710968,0.5656608942612179,0.0,1.0127970938375759
6,1,0,direction,direction,direction,0.0,direction_0,adjoindre,0.5457056164741516,0.9466851366720255,0.2911232201306806,0.571499629654594,0.0,1.0127970938375759
6,1,0,direction,direction,direction,0.0,direction_0,sous-directeur,0.538597822189331,0.9039287854853293,0.22979016663064294,0.5001782833323233,0.0,1.0127970938375759
6,1,0,direction,direction,direction,0.0,direction_0,ministère,0.5237305164337158,0.8133890878932525,0.24161600398901084,0.48506186387938194,0.0,1.0127970938375759
6,1,0,direction,direction,direction,0.0,direction_0,directeur-adjoint,0.5143191814422607,0.9604354413322627,0.3628843442707528,0.6120790695007676,0.0,1.0127970938375759
6,1,0,direction,direction,direction,0.0,direction_0,secrétariat,0.5127605199813843,0.9482785453660257,0.3449263178268281,0.594320577629293,0.0,1.0127970938375759
6,1,0,direction,direction,direction,0.0,direction_0,mission,0.5112301707267761,0.9531247166476302,0.340950455786834,0.5902042514696715,0.0,1.0127970938375759
6,1,0,direction,direction,direction,0.0,direction_0,délégation,0.5096827745437622,0.8469693668376559,0.259987112303977,0.5036122877102188,0.0,1.0127970938375759
6,1,1,direction,directeur-adjoint,directeur-adjoint,0.39982049391579794,directeur-adjoint_1,directeur,0.7776472568511963,0.8894486515142779,0.23065846567254183,0.4989122296155674,0.5400848829907138,1.0127970938375759
6,1,1,direction,directeur-adjoint,directeur-adjoint,0.39982049391579794,directeur-adjoint_1,adjoindre,0.7000077366828918,0.9466018877937227,0.1684950872033706,0.49819932211755696,0.5400848829907138,1.0127970938375759
6,1,1,direction,directeur-adjoint,directeur-adjoint,0.39982049391579794,directeur-adjoint_1,charger,0.6256608963012695,0.8769472119462403,0.23063442591307207,0.5064016761119129,0.5400848829907138,1.0127970938375759
6,1,1,direction,directeur-adjoint,directeur-adjoint,0.39982049391579794,directeur-adjoint_1,sous-directeur,0.603921115398407,0.9337388790919976,0.3024919935157556,0.5702184789250492,0.5400848829907138,1.0127970938375759
6,1,1,direction,directeur-adjoint,directeur-adjoint,0.39982049391579794,directeur-adjoint_1,responsable,0.5582166910171509,0.859058437533022,0.2159523758286252,0.48131937354767024,0.5400848829907138,1.0127970938375759
6,1,1,direction,directeur-adjoint,directeur-adjoint,0.39982049391579794,directeur-adjoint_1,secrétaire,0.5572036504745483,0.969944987145366,0.32161200779578714,0.5920662023346656,0.5400848829907138,1.0127970938375759
6,1,1,direction,directeur-adjoint,directeur-adjoint,0.39982049391579794,directeur-adjoint_1,adjoint,0.5338343977928162,0.8534299187603951,0.25892860686621916,0.5011007705453944,0.5400848829907138,1.0127970938375759
6,1,1,direction,directeur-adjoint,directeur-adjoint,0.39982049391579794,directeur-adjoint_1,délégation,0.5333441495895386,0.8803789026824635,0.3872521205535615,0.5900859017499248,0.5400848829907138,1.0127970938375759
6,1,1,direction,directeur-adjoint,directeur-adjoint,0.39982049391579794,directeur-adjoint_1,général,0.5297591686248779,0.8540075428160436,0.36762078572687,0.5703320626120613,0.5400848829907138,1.0127970938375759
6,1,2,direction,secrétaire,secrétaire,-0.20536222895992967,secrétaire_2,directeur,0.7960575222969055,0.8667451025006282,0.1205989572971771,0.43879131674094024,0.5515125141063099,0.9204988481465664
6,1,2,direction,secrétaire,secrétaire,-0.20536222895992967,secrétaire_2,adjoindre,0.7623291015625,1.0,0.2636057029726726,0.575392830463807,0.5515125141063099,0.9204988481465664
6,1,2,direction,secrétaire,secrétaire,-0.20536222895992967,secrétaire_2,charger,0.6674860119819641,0.9293864947413871,0.24611071065491708,0.5308270152773581,0.5515125141063099,0.9204988481465664
6,1,2,direction,secrétaire,secrétaire,-0.20536222895992967,secrétaire_2,vice-président,0.6266086101531982,0.8340962647633974,0.3180318716261233,0.5304653229717631,0.5515125141063099,0.9204988481465664
6,1,2,direction,secrétaire,secrétaire,-0.20536222895992967,secrétaire_2,secrétariat,0.6250478625297546,0.8928512295512754,0.2330242500656057,0.5080210004129445,0.5515125141063099,0.9204988481465664
6,1,2,direction,secrétaire,secrétaire,-0.20536222895992967,secrétaire_2,sous-directeur,0.6243941187858582,0.8997492459848139,0.2824400131390783,0.5434866776178107,0.5515125141063099,0.9204988481465664
6,1,2,direction,secrétaire,secrétaire,-0.20536222895992967,secrétaire_2,adjoint,0.6119918823242188,0.9238847352777407,0.24133871358889994,0.519914017512372,0.5515125141063099,0.9204988481465664
6,1,2,direction,secrétaire,secrétaire,-0.20536222895992967,secrétaire_2,général,0.595771074295044,0.9816312135214905,0.3107083386470912,0.5844071321639881,0.5515125141063099,0.9204988481465664
6,1,2,direction,secrétaire,secrétaire,-0.20536222895992967,secrétaire_2,délégué,0.5922104716300964,0.8611619006005548,0.3759916021536023,0.571835258200959,0.5515125141063099,0.9204988481465664
6,1,3,direction,général,général,-0.7893851579555742,général_3,directeur,0.8040257692337036,0.997124507812338,0.06333971831971659,0.43994708362239393,0.5989444506060384,0.8366119280897555
6,1,3,direction,général,général,-0.7893851579555742,général_3,adjoindre,0.7635316848754883,1.0,0.21982735067975984,0.5505518293302853,0.5989444506060384,0.8366119280897555
6,1,3,direction,général,général,-0.7893851579555742,général_3,charger,0.6818710565567017,0.9844060221053053,0.26999842527347445,0.564519422933744,0.5989444506060384,0.8366119280897555
6,1,3,direction,général,général,-0.7893851579555742,général_3,vice-président,0.6513625979423523,0.8732976358669469,0.18132399870591348,0.46168872364592306,0.5989444506060384,0.8366119280897555
6,1,3,direction,général,général,-0.7893851579555742,général_3,délégué,0.6356913447380066,0.983567176285949,0.17526219347265243,0.510875402823821,0.5989444506060384,0.8366119280897555
6,1,3,direction,général,général,-0.7893851579555742,général_3,secrétariat,0.6301329135894775,0.9656577860922476,0.18579205432138263,0.5163871595924714,0.5989444506060384,0.8366119280897555
6,1,3,direction,général,général,-0.7893851579555742,général_3,délégation,0.6283615231513977,1.0,0.2469176561184433,0.5702570371111026,0.5989444506060384,0.8366119280897555
6,1,3,direction,général,général,-0.7893851579555742,général_3,adjoint,0.6229169964790344,0.9445202223609579,0.3263796232520691,0.5765449638670561,0.5989444506060384,0.8366119280897555
6,1,3,direction,général,général,-0.7893851579555742,général_3,sous-directeur,0.614707350730896,0.8992818874677594,0.33760733550345795,0.5646264256673981,0.5989444506060384,0.8366119280897555
6,1,4,direction,adjoint,adjoint,-1.354401899011249,adjoint_4,adjoindre,0.820686399936676,0.9406438176132902,0.1822569644773206,0.4924127964339768,0.6695390122480502,0.7603697925655781
6,1,4,direction,adjoint,adjoint,-1.354401899011249,adjoint_4,directeur,0.8086329102516174,1.0,0.04928705211299708,0.46309775235118344,0.6695390122480502,0.7603697925655781
6,1,4,direction,adjoint,adjoint,-1.354401899011249,adjoint_4,charger,0.6980617642402649,0.9481297666025051,0.15773059551027996,0.5019172729516223,0.6695390122480502,0.7603697925655781
6,1,4,direction,adjoint,adjoint,-1.354401899011249,adjoint_4,vice-président,0.6800979375839233,0.9940196234147756,0.17012194655452112,0.5100269457592463,0.6695390122480502,0.7603697925655781
6,1,4,direction,adjoint,adjoint,-1.354401899011249,adjoint_4,délégué,0.6646349430084229,0.8678183441670824,0.22391639213989445,0.4934325718756911,0.6695390122480502,0.7603697925655781
6,1,4,direction,adjoint,adjoint,-1.354401899011249,adjoint_4,délégation,0.6372857093811035,0.9568335397516856,0.273250250662167,0.5606300090168506,0.6695390122480502,0.7603697925655781
6,1,4,direction,adjoint,adjoint,-1.354401899011249,adjoint_4,sous-directeur,0.6297152042388916,0.9595906313809007,0.2660574494593443,0.5458900423679031,0.6695390122480502,0.7603697925655781
6,1,4,direction,adjoint,adjoint,-1.354401899011249,adjoint_4,déléguer,0.6280754208564758,0.9253285756104586,0.29309948864343177,0.5607347763627515,0.6695390122480502,0.7603697925655781
6,1,4,direction,adjoint,adjoint,-1.354401899011249,adjoint_4,secrétariat,0.6220930218696594,0.9333933079233881,0.19090388434512023,0.49886629103889174,0.6695390122480502,0.7603697925655781
6,1,5,direction,déléguer,déléguer,-1.9043106530619556,déléguer_5,adjoindre,0.819728672504425,0.9621945298671426,0.06489739264124855,0.42660936507599395,0.5506696328829198,0.6910757569119819
6,1,5,direction,déléguer,déléguer,-1.9043106530619556,déléguer_5,directeur,0.8085905909538269,0.8721228734423182,0.15231513333458513,0.45066375021131067,0.5506696328829198,0.6910757569119819
6,1,5,direction,déléguer,déléguer,-1.9043106530619556,déléguer_5,charger,0.7285037636756897,0.8821676827651349,0.13834790769007915,0.4488479536728,0.5506696328829198,0.6910757569119819
6,1,5,direction,déléguer,déléguer,-1.9043106530619556,déléguer_5,vice-président,0.7005624175071716,0.8567374578309157,0.13614284897832335,0.44393743170117655,0.5506696328829198,0.6910757569119819
6,1,5,direction,déléguer,déléguer,-1.9043106530619556,déléguer_5,délégué,0.6950417160987854,0.9474077333483718,0.23264734199697076,0.5409685025625615,0.5506696328829198,0.6910757569119819
6,1,5,direction,déléguer,déléguer,-1.9043106530619556,déléguer_5,délégation,0.6837421655654907,0.9758182400979891,0.21981265761936786,0.5244147902466085,0.5506696328829198,0.6910757569119819
6,1,5,direction,déléguer,déléguer,-1.9043106530619556,déléguer_5,sous-directeur,0.6353669762611389,0.9645132904482987,0.2674680985800084,0.5604700880145768,0.5506696328829198,0.6910757569119819
6,1,5,direction,déléguer,déléguer,-1.9043106530619556,déléguer_5,président,0.620654821395874,0.9061732136554255,0.2148191705743701,0.49777280853864053,0.5506696328829198,0.6910757569119819
6,1,5,direction,déléguer,déléguer,-1.9043106530619556,déléguer_5,secrétariat,0.6194164156913757,0.8899851354465951,0.3046075337101913,0.5417926426089672,0.5506696328829198,0.6910757569119819
6,1,6,direction,sous-directeur,sous-directeur,-2.436962070286307,sous-directeur_6,adjoindre,0.8205555081367493,0.9595822890337768,0.11434451619852083,0.4745101111599418,0.4857910174857577,0.6280966267479375
6,1,6,direction,sous-directeur,sous-directeur,-2.436962070286307,sous-directeur_6,directeur,0.8200276494026184,0.9603345584967602,0.13369751343356617,0.4970524621926546,0.4857910174857577,0.6280966267479375
6,1,6,direction,sous-directeur,sous-directeur,-2.436962070286307,sous-directeur_6,charger,0.7331613302230835,0.939526889702496,0.11736933829385648,0.45698934752487397,0.4857910174857577,0.6280966267479375
6,1,6,direction,sous-directeur,sous-directeur,-2.436962070286307,sous-directeur_6,vice-président,0.6921205520629883,0.9717215293659724,0.28850058975553244,0.5742335767174822,0.4857910174857577,0.6280966267479375
6,1,6,direction,sous-directeur,sous-directeur,-2.436962070286307,sous-directeur_6,délégué,0.6899843811988831,0.9972272084673501,0.19285540465419218,0.5393040689756626,0.4857910174857577,0.6280966267479375
6,1,6,direction,sous-directeur,sous-directeur,-2.436962070286307,sous-directeur_6,délégation,0.6813992857933044,1.0,0.3012973719914464,0.5958997294068029,0.4857910174857577,0.6280966267479375
6,1,6,direction,sous-directeur,sous-directeur,-2.436962070286307,sous-directeur_6,secrétariat,0.6059920787811279,0.8380281066919211,0.3411685525080715,0.5484989030364734,0.4857910174857577,0.6280966267479375
6,1,6,direction,sous-directeur,sous-directeur,-2.436962070286307,sous-directeur_6,responsable,0.5994967222213745,0.8671316452530056,0.2793221231709099,0.5183313846679412,0.4857910174857577,0.6280966267479375
6,1,6,direction,sous-directeur,sous-directeur,-2.436962070286307,sous-directeur_6,président,0.5984421372413635,0.9099889998249197,0.24399727674958174,0.5182877613313697,0.4857910174857577,0.6280966267479375
6,1,7,direction,adjoint,délégation,-1.9450112946215905,délégation,,,,,,0.5734819896072699,0.5708569119758368
7,1,0,direction,direction,direction,0.0,direction_0,directeur-adjoint,0.7571588754653931,0.9101231993409168,0.14694738428752543,0.7404518765044271,0.0,0.9808339613045702
7,1,0,direction,direction,direction,0.0,direction_0,sous-directeur,0.7692981958389282,0.9523657164233367,0.17908914036281398,0.7782451473533003,0.0,0.9808339613045702
7,1,0,direction,direction,direction,0.0,direction_0,délégation,0.7548406720161438,0.968344443412823,0.12744333166284266,0.7755243719983322,0.0,0.9808339613045702
7,1,0,direction,direction,direction,0.0,direction_0,mission,0.7556143999099731,0.9386032616775315,0.22594420138504606,0.7813122706840524,0.0,0.9808339613045702
7,1,1,direction,mission,mission,0.4501195773448705,mission_1,adjoindre,0.5398978590965271,0.9050659990790879,0.3719351494127011,0.7965841385734913,0.7226268085747174,0.9808339613045702
7,1,1,direction,mission,mission,0.4501195773448705,mission_1,coordonner,0.5906491279602051,0.8439587782185085,0.3629937108008113,0.7449091631927119,0.7226268085747174,0.9808339613045702
7,1,1,direction,mission,mission,0.4501195773448705,mission_1,responsable,0.5517899990081787,0.8823456935116476,0.2071428459976171,0.7328077601130348,0.7226268085747174,0.9808339613045702
7,1,1,direction,mission,mission,0.4501195773448705,mission_1,coordonner,0.5906491279602051,0.8659587782185085,0.27199371080081125,0.73569957806205,0.7226268085747174,0.9808339613045702
7,1,2,direction,adjoindre,adjoindre,0.9040571216621007,adjoindre_2,coordination,0.4036265015602112,0.9542885269000863,0.33132162560387796,0.8216568364897557,0.7763868244689962,0.9074501518354761
7,1,2,direction,adjoindre,adjoindre,0.9040571216621007,adjoindre_2,directeur-adjoint,0.4180750548839569,0.9821476790345148,0.40875218980051276,0.8652514067764897,0.7763868244689962,0.9074501518354761
7,1,2,direction,adjoindre,adjoindre,0.9040571216621007,adjoindre_2,responsable,0.42648011445999146,0.894171146155387,0.3066759100030481,0.7685285038750409,0.7763868244689962,0.9074501518354761
7,1,2,direction,adjoindre,adjoindre,0.9040571216621007,adjoindre_2,déléguer,0.39641615748405457,0.8203079183673121,0.39365720404797744,0.7314925614004619,0.7763868244689962,0.9074501518354761
7,1,3,direction,adjoindre,directeur-adjoint,1.3935074353973542,directeur-adjoint,,,,,,0.7026715087060891,0.8395567553258125
8,1,0,direction,direction,direction,0.0,direction_0,directeur,0.6472053527832031,1.0,0.1699588138381432,0.7237896772368426,0.0,1.0012749218057624
8,1,0,direction,direction,direction,0.0,direction_0,charger,0.5752626061439514,0.8800378470302783,0.3599006948171097,0.7129591980266736,0.0,1.0012749218057624
8,1,0,direction,direction,direction,0.0,direction_0,adjoindre,0.5457056164741516,0.9946851366720254,0.33112322013068063,0.7870673902873027,0.0,1.0012749218057624
8,1,0,direction,direction,direction,0.0,direction_0,ministère,0.5237305164337158,0.9423890878932525,0.25961600398901086,0.7174130427143892,0.0,1.0012749218057624
8,1,1,direction,adjoindre,adjoindre,0.44644811712038507,adjoindre_1,directeur,0.818467378616333,0.8896060539601451,0.13974017220361845,0.6535683603169751,0.6496706332846005,1.0012749218057624
8,1,1,direction,adjoindre,adjoindre,0.44644811712038507,adjoindre_1,adjoint,0.6845948100090027,0.8890076168054476,0.31027225762926003,0.7075285066435669,0.6496706332846005,1.0012749218057624
8,1,1,direction,adjoindre,adjoindre,0.44644811712038507,adjoindre_1,charger,0.6792566180229187,0.8748377113311816,0.19465499597374616,0.654231786057396,0.6496706332846005,1.0012749218057624
8,1,1,direction,adjoindre,adjoindre,0.44644811712038507,adjoindre_1,secrétaire,0.6215746402740479,0.9233137692049217,0.31523375561382677,0.7295305415267608,0.6496706332846005,1.0012749218057624
8,1,2,direction,secrétaire,secrétaire,-0.12148797794936533,secrétaire_2,directeur,0.8104240894317627,0.926938527729177,0.09309780229761126,0.6605630641777748,0.6386385932731936,0.8796486191746733
8,1,2,direction,secrétaire,secrétaire,-0.12148797794936533,secrétaire_2,adjoint,0.706355094909668,0.8831800299621284,0.20146236703845133,0.6672049140045809,0.6386385932731936,0.8796486191746733
8,1,2,direction,secrétaire,secrétaire,-0.12148797794936533,secrétaire_2,charger,0.6929355263710022,0.9229117782434135,0.19398362169762354,0.6801786708401539,0.6386385932731936,0.8796486191746733
8,1,2,direction,secrétaire,secrétaire,-0.12148797794936533,secrétaire_2,vice-président,0.6719135642051697,0.9432882930262806,0.32130652229854006,0.7438595761144776,0.6386385932731936,0.8796486191746733
8,1,3,direction,vice-président,vice-président,0.3445647612855857,vice-président_3,directeur,0.8292539715766907,1.0,0.11850870208962938,0.7161862945092987,0.6711071793448965,0.7727964381854512
8,1,3,direction,vice-président,vice-président,0.3445647612855857,vice-président_3,adjoint,0.7167338728904724,0.9058903042197979,0.24985764665897753,0.6932616234645866,0.6711071793448965,0.7727964381854512
8,1,3,direction,vice-président,vice-président,0.3445647612855857,vice-président_3,charger,0.6822072267532349,0.851479743466515,0.29778539831551293,0.6789388067000544,0.6711071793448965,0.7727964381854512
8,1,3,direction,vice-président,vice-président,0.3445647612855857,vice-président_3,délégué,0.6740581393241882,0.8457337816642448,0.17494816170082833,0.6215946934207915,0.6711071793448965,0.7727964381854512
8,1,4,direction,directeur,directeur,-0.16958777463345237,directeur,,,,,,0.7072853765318776,0.6789237450659035
9,1,0,direction,direction,direction,0.0,direction_0,secrétariat,0.5127605199813843,0.9432785453660257,0.3919263178268281,0.6919888663388368,0.0,0.9800537225736503
9,1,0,direction,direction,direction,0.0,direction_0,mission,0.5112301707267761,0.9021247166476302,0.30695045578683394,0.6184605932987399,0.0,0.9800537225736503
9,1,0,direction,direction,direction,0.0,direction_0,directeur,0.6472053527832031,0.8815483600908037,0.2249588138381432,0.5621363054622355,0.0,0.9800537225736503
9,1,0,direction,direction,direction,0.0,direction_0,mission,0.5112301707267761,0.8431247166476301,0.37795045578683395,0.6340132255793193,0.0,0.9800537225736503
9,1,0,direction,direction,direction,0.0,direction_0,directeur,0.6472053527832031,0.8405483600908038,0.15495881383814322,0.5145543654042738,0.0,0.9800537225736503
9,1,1,direction,secrétariat,secrétariat,0.4279837859412966,secrétariat_1,délégation,0.5797100067138672,0.9905787434164879,0.25503094061692866,0.6363450876610157,0.6314182549983449,0.9800537225736503
9,1,1,direction,secrétariat,secrétariat,0.4279837859412966,secrétariat_1,directeur-adjoint,0.5275536179542542,0.8247804643051044,0.3340806489674378,0.5955804661417037,0.6314182549983449,0.9800537225736503
9,1,1,direction,secrétariat,secrétariat,0.4279837859412966,secrétariat_1,directeur-adjoint,0.5275536179542542,0.9717804643051045,0.39108064896743777,0.70801580603597,0.6314182549983449,0.9800537225736503
9,1,1,direction,secrétariat,secrétariat,0.4279837859412966,secrétariat_1,administratif,0.5543500781059265,0.8516276634666315,0.26247190683601346,0.5834518100575261,0.6314182549983449,0.9800537225736503
9,1,1,direction,secrétariat,secrétariat,0.4279837859412966,secrétariat_1,délégation,0.5797100067138672,0.965578743416488,0.3030309406169287,0.6544218725430323,0.6314182549983449,0.9800537225736503
9,1,2,direction,directeur-adjoint,directeur-adjoint,0.8599743068068766,directeur-adjoint_2,adjoindre,0.6845647096633911,0.8850009149371251,0.3162913356693331,0.616198962058392,0.6444566417578775,0.9588197488281446
9,1,2,direction,directeur-adjoint,directeur-adjoint,0.8599743068068766,directeur-adjoint_2,coordination,0.5306554436683655,0.8361001147397127,0.40502811025844754,0.6365932769352923,0.6444566417578775,0.9588197488281446
9,1,2,direction,directeur-adjoint,directeur-adjoint,0.8599743068068766,directeur-adjoint_2,bureau,0.5320388674736023,0.8452433518025156,0.33311394293958474,0.6085551369224633,0.6444566417578775,0.9588197488281446
9,1,2,direction,directeur-adjoint,directeur-adjoint,0.8599743068068766,directeur-adjoint_2,charger,0.6700487732887268,0.8249055531578172,0.3194876094256327,0.5892685602583815,0.6444566417578775,0.9588197488281446
9,1,2,direction,directeur-adjoint,directeur-adjoint,0.8599743068068766,directeur-adjoint_2,secrétaire,0.652894914150238,0.9155785340593698,0.16835304554003055,0.5536180213381166,0.6444566417578775,0.9588197488281446
9,1,3,direction,coordination,coordination,0.27941768883366347,coordination_3,responsable,0.6249801516532898,0.9778406488730975,0.30306730983261226,0.6545048054266307,0.577550923523329,0.9380458331699045
9,1,3,direction,coordination,coordination,0.27941768883366347,coordination_3,coordonnateur,0.6301588416099548,0.8336619598973017,0.2537755813687975,0.56666250699727,0.577550923523329,0.9380458331699045
9,1,3,direction,coordination,coordination,0.27941768883366347,coordination_3,adjoindre,0.6522780060768127,0.9734651355137538,0.2777439374709703,0.6533640459446831,0.577550923523329,0.9380458331699045
9,1,3,direction,coordination,coordination,0.27941768883366347,coordination_3,délégué,0.5553099513053894,0.8757340395578096,0.20084597870251716,0.5456701622787418,0.577550923523329,0.9380458331699045
9,1,3,direction,coordination,coordination,0.27941768883366347,coordination_3,adjoindre,0.6522780060768127,0.8314651355137538,0.31974393747097035,0.5900352730983063,0.577550923523329,0.9380458331699045
9,1,4,direction,responsable,responsable,0.708532431897845,responsable_4,général,0.5847263336181641,0.8462024881919761,0.26780025653060013,0.5741404253875301,0.7372151395710544,0.9177220079194842
9,1,4,direction,responsable,responsable,0.708532431897845,responsable_4,déléguer,0.5551389455795288,0.8657150615010958,0.22995746800408062,0.5745321102962326,0.7372151395710544,0.9177220079194842
9,1,4,direction,responsable,responsable,0.708532431897845,responsable_4,délégué,0.5714244246482849,0.9485796840881545,0.33538169146177316,0.6580522033506294,0.7372151395710544,0.9177220079194842
9,1,4,direction,responsable,responsable,0.708532431897845,responsable_4,général,0.5847263336181641,0.8112024881919762,0.3748002565306001,0.6109858581631682,0.7372151395710544,0.9177220079194842
9,1,4,direction,responsable,responsable,0.708532431897845,responsable_4,déléguer,0.5551389455795288,0.8767150615010958,0.3449574680040806,0.6271972336051027,0.7372151395710544,0.9177220079194842
9,1,5,direction,délégué,délégué,1.1436149807556313,délégué_5,secrétaire,0.6650364398956299,0.9728977662525441,0.307662108750897,0.6605296178361116,0.6677983648750904,0.8978385213585006
9,1,5,direction,délégué,délégué,1.1436149807556313,délégué_5,conseil,0.5766167044639587,0.8812013694905495,0.3170263797358266,0.6196992977467867,0.6677983648750904,0.8978385213585006
9,1,5,direction,délégué,délégué,1.1436149807556313,délégué_5,déléguer,0.6094471216201782,0.9325179496240948,0.2689623454049165,0.6284165227646004,0.6677983648750904,0.8978385213585006
9,1,5,direction,délégué,délégué,1.1436149807556313,délégué_5,charger,0.7224567532539368,0.9894561380301914,0.18920908386033097,0.612446369776834,0.6677983648750904,0.8978385213585006
9,1,5,direction,délégué,délégué,1.1436149807556313,délégué_5,coordonnateur,0.6614688634872437,0.8611987033652297,0.2629216418581988,0.5770297396806287,0.6677983648750904,0.8978385213585006
9,1,6,direction,secrétaire,secrétaire,1.584287754875034,secrétaire_6,coordonnateur,0.6410093307495117,0.8754654661358168,0.3118877208083252,0.6078930166092288,0.6490683571416307,0.8783858330505927
9,1,6,direction,secrétaire,secrétaire,1.584287754875034,secrétaire_6,coordonnateur,0.6410093307495117,0.9464654661358168,0.3118877208083252,0.6493223574664506,0.6490683571416307,0.8783858330505927
9,1,6,direction,secrétaire,secrétaire,1.584287754875034,secrétaire_6,général,0.6401293873786926,0.9993148767514203,0.243445917315518,0.632451217537923,0.6490683571416307,0.8783858330505927
9,1,6,direction,secrétaire,secrétaire,1.584287754875034,secrétaire_6,charger,0.7267283797264099,0.8516590110837461,0.09248221109838692,0.49673523880470655,0.6490683571416307,0.8783858330505927
9,1,6,direction,secrétaire,secrétaire,1.584287754875034,secrétaire_6,vice-président,0.6406204104423523,0.8643988114858043,0.2741344268923357,0.5823714737616992,0.6490683571416307,0.8783858330505927
9,1,7,direction,coordonnateur,coordonnateur,1.0270218859789986,coordonnateur_7,directeur,0.7836293578147888,0.8897430207152963,0.140753217906201,0.5284733058775319,0.6672371492212272,0.8593546092637571
9,1,7,direction,coordonnateur,coordonnateur,1.0270218859789986,coordonnateur_7,directeur,0.7836293578147888,0.9527430207152963,0.085753217906201,0.512096157754539,0.6672371492212272,0.8593546092637571
9,1,7,direction,coordonnateur,coordonnateur,1.0270218859789986,coordonnateur_7,coordonner,0.6152135133743286,0.9843565855942809,0.21228473594798908,0.6116896842773181,0.6672371492212272,0.8593546092637571
9,1,7,direction,coordonnateur,coordonnateur,1.0270218859789986,coordonnateur_7,général,0.6267607808113098,0.9391202737096886,0.3419351319951067,0.6612734583551361,0.6672371492212272,0.8593546092637571
9,1,7,direction,coordonnateur,coordonnateur,1.0270218859789986,coordonnateur_7,général,0.6267607808113098,0.8571202737096886,0.15593513199510675,0.5302228294036152,0.6672371492212272,0.8593546092637571
9,1,8,direction,général,général,1.4775015982518434,général_8,coordinateur,0.676025927066803,0.9331476155531718,0.16670168812713498,0.5563667165374744,0.7281498381330863,0.8407357184918641
9,1,8,direction,général,général,1.4775015982518434,général_8,coordonner,0.6039845943450928,0.9517476964641343,0.3624514156866636,0.6806049625176365,0.7281498381330863,0.8407357184918641
9,1,8,direction,général,général,1.4775015982518434,général_8,représentant,0.601310133934021,0.8683787988358965,0.2421616848029288,0.5784866045387609,0.7281498381330863,0.8407357184918641
9,1,8,direction,général,général,1.4775015982518434,général_8,délégation,0.6998670697212219,0.9575675777318898,0.3025844098446756,0.6441676828108613,0.7281498381330863,0.8407357184918641
9,1,8,direction,général,général,1.4775015982518434,général_8,déléguer,0.6374620199203491,0.8408631489368287,0.27213836039024586,0.5720997314497536,0.7281498381330863,0.8407357184918641
9,1,9,direction,coordonner,coordonner,1.9374689092582864,coordonner_9,comité,0.6990233659744263,1.0,0.11712011538130193,0.5625819910533515,0.6379616692034152,0.8225202270732052
9,1,9,direction,coordonner,coordonner,1.9374689092582864,coordonner_9,déléguer,0.6340089440345764,0.8202887973987539,0.20333026913226976,0.5299023449300005,0.6379616692034152,0.8225202270732052
9,1,9,direction,coordonner,coordonner,1.9374689092582864,coordonner_9,représentant,0.6034601330757141,0.8166749379176403,0.36478669137037534,0.6092822131753287,0.6379616692034152,0.8225202270732052
9,1,9,direction,coordonner,coordonner,1.9374689092582864,coordonner_9,conseil,0.6337171792984009,0.9372407993060228,0.23651552441005008,0.6024520753954589,0.6379616692034152,0.8225202270732052
9,1,9,direction,coordonner,coordonner,1.9374689092582864,coordonner_9,présider,0.6080170273780823,0.999314072236956,0.3028752721127154,0.6795712803888374,0.6379616692034152,0.8225202270732052
9,1,10,direction,présider,présider,1.4017316725871944,présider_10,adjoindre,0.7215116024017334,0.9911939556612817,0.23081201778634738,0.625398504644489,0.6399048081164521,0.8046993949039694
9,1,10,direction,présider,présider,1.4017316725871944,présider_10,président,0.6017331480979919,0.8754367957574065,0.24489108299450105,0.586881033135329,0.6399048081164521,0.8046993949039694
9,1,10,direction,présider,présider,1.4017316725871944,présider_10,représentant,0.655750036239624,0.865108838669984,0.1545441460495725,0.5256561352219373,0.6399048081164521,0.8046993949039694
9,1,10,direction,présider,présider,1.4017316725871944,présider_10,adjoint,0.6050518751144409,0.869896397452112,0.21476928760540576,0.5600780233610912,0.6399048081164521,0.8046993949039694
9,1,10,direction,présider,présider,1.4017316725871944,présider_10,coordinateur,0.6905295848846436,0.9983527753530481,0.2315096538550343,0.6254792332318752,0.6399048081164521,0.8046993949039694
9,1,11,direction,coordinateur,coordinateur,0.8569266321691709,coordinateur_11,charger,0.72197026014328,1.0,0.11151944775444096,0.5674032676419882,0.6213035609678552,0.7872646712445925
9,1,11,direction,coordinateur,coordinateur,0.8569266321691709,coordinateur_11,directeur-adjoint,0.5980581045150757,0.9399372509715893,0.26224319386756223,0.6189290799639958,0.6213035609678552,0.7872646712445925
9,1,11,direction,coordinateur,coordinateur,0.8569266321691709,coordinateur_11,directeur,0.7458683848381042,0.9014225036586312,0.13822012874382886,0.5381784779116736,0.6213035609678552,0.7872646712445925
9,1,11,direction,coordinateur,coordinateur,0.8569266321691709,coordinateur_11,vice-président,0.6694051623344421,0.8247744456152438,0.28389523877155814,0.576537736791432,0.6213035609678552,0.7872646712445925
9,1,11,direction,coordinateur,coordinateur,0.8569266321691709,coordinateur_11,direction,0.6207432150840759,0.934186688894262,0.3027629077380192,0.6462799618001237,0.6213035609678552,0.7872646712445925
9,1,12,direction,direction,direction,1.3216804548080536,direction_12,déléguer,0.6467321515083313,0.9014642441170677,0.3362587834008446,0.6415118272033813,0.0,0.7702076906169661
9,1,12,direction,direction,direction,1.3216804548080536,direction_12,directeur-adjoint,0.6299319267272949,0.9296254532631376,0.2819197506088392,0.6240733122542061,0.0,0.7702076906169661
9,1,12,direction,direction,direction,1.3216804548080536,direction_12,représentant,0.6409377455711365,0.9524531860750048,0.31593312897203013,0.6523179010278962,0.0,0.7702076906169661
9,1,12,direction,direction,direction,1.3216804548080536,direction_12,comité,0.7174495458602905,0.9360832953629676,0.19940165746929117,0.5799790894800846,0.0,0.7702076906169661
9,1,12,direction,direction,direction,1.3216804548080536,direction_12,déléguer,0.6467321515083313,0.9234642441170677,0.15025878340084461,0.5654559938345565,0.0,0.7702076906169661
9,1,13,direction,représentant,représentant,1.7922080074107862,représentant_13,régional,0.6194434762001038,0.8189892310178803,0.23559030481750878,0.5477381054951607,0.6248845100788851,0.7535202687905385
9,1,13,direction,représentant,représentant,1.7922080074107862,représentant_13,président,0.6154701709747314,0.8503945435814524,0.2901211719866317,0.5953704389747315,0.6248845100788851,0.7535202687905385
9,1,13,direction,représentant,représentant,1.7922080074107862,représentant_13,président,0.6154701709747314,1.0,0.21212117198663166,0.6154279794991668,0.6248845100788851,0.7535202687905385
9,1,13,direction,représentant,représentant,1.7922080074107862,représentant_13,déléguer,0.6557630300521851,1.0,0.15153591431495012,0.6014047845155237,0.6248845100788851,0.7535202687905385
9,1,13,direction,représentant,représentant,1.7922080074107862,représentant_13,mission,0.6130995154380798,0.931046006539126,0.18963234592932904,0.5704829610228901,0.6248845100788851,0.7535202687905385
9,1,14,direction,président,président,1.2576849350879433,président_14,délégation,0.6838709115982056,0.9198467734943984,0.24373106173145928,0.6031990786636708,0.6899138022793367,0.7371943988553806
9,1,14,direction,président,président,1.2576849350879433,président_14,commission,0.6297894716262817,0.8716025593479615,0.24101026164462813,0.5765115085816923,0.6899138022793367,0.7371943988553806
9,1,14,direction,président,président,1.2576849350879433,président_14,adjoindre,0.7085797786712646,0.8427472249650625,0.226047844123728,0.557922541138821,0.6899138022793367,0.7371943988553806
9,1,14,direction,président,président,1.2576849350879433,président_14,national,0.6159605979919434,0.9564672269511391,0.33480865844712354,0.6759552534658128,0.6899138022793367,0.7371943988553806
9,1,14,direction,président,président,1.2576849350879433,président_14,coordination,0.675906777381897,0.8941224188537447,0.16477716505129264,0.5545220225848249,0.6899138022793367,0.7371943988553806
9,1,15,direction,national,national,1.7423751487405514,national_15,régional,0.6683357954025269,1.0,0.1415725124384962,0.5943711635287954,0.6653117490459065,0.7212222473803347
9,1,15,direction,national,national,1.7423751487405514,national_15,directeur,0.7463014125823975,0.9635602099692674,0.09094178100397463,0.5350242473022463,0.6653117490459065,0.7212222473803347
9,1,15,direction,national,national,1.7423751487405514,national_15,délégation,0.6899021863937378,1.0,0.23390752816401658,0.6281012763395496,0.6653117490459065,0.7212222473803347
9,1,15,direction,national,national,1.7423751487405514,national_15,commission,0.6536010503768921,1.0,0.27190563516431476,0.6525511108363179,0.6653117490459065,0.7212222473803347
9,1,15,direction,national,national,1.7423751487405514,national_15,adjoindre,0.6624343395233154,0.9173864133750363,0.22731014139306227,0.5868699202508837,0.6653117490459065,0.7212222473803347
9,1,16,direction,commission,commission,1.2252073646045472,commission_16,délégué,0.6993229389190674,0.9064351267802343,0.28892991102099325,0.6157694324793619,0.6351757704771742,0.7055961506543996
9,1,16,direction,commission,commission,1.2252073646045472,commission_16,délégation,0.700758695602417,0.8927855366967455,0.23101819929315456,0.5898313465280347,0.6351757704771742,0.7055961506543996
9,1,16,direction,commission,commission,1.2252073646045472,commission_16,directeur,0.7230513691902161,0.8596218157760647,0.12982968793057698,0.5162773695658678,0.6351757704771742,0.7055961506543996
9,1,16,direction,commission,commission,1.2252073646045472,commission_16,comité,0.7900165319442749,0.9042734586912121,0.12056965251420018,0.5105994358175758,0.6351757704771742,0.7055961506543996
9,1,16,direction,commission,commission,1.2252073646045472,commission_16,secrétaire,0.6551974415779114,0.9520054926417135,0.28789422653469104,0.6444442331807599,0.6351757704771742,0.7055961506543996
9,1,17,direction,secrétaire,secrétaire,0.7099193852361372,secrétaire_17,coordonnateur,0.6155569553375244,0.8584073908071811,0.2740658679316288,0.5922075189369276,0.6432254938050237,0.6903086110095518
9,1,17,direction,secrétaire,secrétaire,0.7099193852361372,secrétaire_17,consultatif,0.6313783526420593,0.9568589865139653,0.31200086683161216,0.6635791278320247,0.6432254938050237,0.6903086110095518
9,1,17,direction,secrétaire,secrétaire,0.7099193852361372,secrétaire_17,adjoindre,0.6496569514274597,0.9489879717083798,0.1774049099950909,0.565144849444304,0.6432254938050237,0.6903086110095518
9,1,17,direction,secrétaire,secrétaire,0.7099193852361372,secrétaire_17,adjoindre,0.6496569514274597,0.8969879717083797,0.2604049099950909,0.5900948158621334,0.6432254938050237,0.6903086110095518
9,1,17,direction,secrétaire,secrétaire,0.7099193852361372,secrétaire_17,vice-président,0.7190559506416321,0.8855194087478432,0.2863778549932423,0.6044056061768569,0.6432254938050237,0.6903086110095518
9,1,18,direction,consultatif,consultatif,1.2032370144417555,consultatif_18,déléguer,0.6509755849838257,0.9182270959499795,0.29856924634638765,0.6216041294126028,0.6711778628224706,0.675352293223236
9,1,18,direction,consultatif,consultatif,1.2032370144417555,consultatif_18,siéger,0.6339277029037476,0.9092754242113862,0.15238185214081765,0.5321706338010337,0.6711778628224706,0.675352293223236
9,1,18,direction,consultatif,consultatif,1.2032370144417555,consultatif_18,administration,0.638756275177002,0.9150814475986837,0.17231708186369615,0.5732707529211098,0.6711778628224706,0.675352293223236
9,1,18,direction,consultatif,consultatif,1.2032370144417555,consultatif_18,ministre,0.6196197867393494,1.0,0.22947805390856105,0.6355750749793176,0.6711778628224706,0.675352293223236
9,1,18,direction,consultatif,consultatif,1.2032370144417555,consultatif_18,présidence,0.6201838254928589,0.9651015266683525,0.17211897905356696,0.5810106145853023,0.6711778628224706,0.675352293223236
9,1,19,direction,ministre,ministre,0.6932927098807758,ministre_19,adjoindre,0.6193867921829224,0.849980652690651,0.32062639453330993,0.6041117692085659,0.7898179082162585,0.6607200209988002
9,1,19,direction,ministre,ministre,0.6932927098807758,ministre_19,directeur,0.6909398436546326,0.9084475316243917,0.29124946681561675,0.6198038620533373,0.7898179082162585,0.6607200209988002
9,1,19,direction,ministre,ministre,0.6932927098807758,ministre_19,adjoindre,0.6193867921829224,0.8389806526906511,0.26962639453330994,0.572206134577156,0.7898179082162585,0.6607200209988002
9,1,19,direction,ministre,ministre,0.6932927098807758,ministre_19,général,0.6835803389549255,0.8257824063060067,0.2349152179137457,0.5438185609434922,0.7898179082162585,0.6607200209988002
9,1,19,direction,ministre,ministre,0.6932927098807758,ministre_19,charger,0.7059751152992249,1.0,0.28270391002305867,0.6628794575479894,0.7898179082162585,0.6607200209988002
9,1,20,direction,ministre,charger,1.193832569018073,charger,,,,,,0.5564296718314855,0.6464047735221864
